cutoff,location,loc_seq_150d,n_variants,lag,target_date,truth_seqs,mae
2023-10-01,Bulgaria,85,13,0,2023-10-01,28,0.05178021978021978
2023-10-01,Denmark,2812,13,30,2023-10-31,1097,0.05055416871187154
2023-10-01,Denmark,2812,13,0,2023-10-01,505,0.02295201827875096
2023-10-01,France,29,13,0,2023-10-01,13,0.06336686390532545
2023-10-01,Germany,1809,13,30,2023-10-31,358,0.03874258702191664
2023-10-01,Germany,1809,13,0,2023-10-01,258,0.017998211091234353
2023-10-01,Japan,418,13,30,2023-10-31,13,0.06670414201183433
2023-10-01,Japan,418,13,0,2023-10-01,28,0.03827472527472528
2023-10-01,Switzerland,1335,13,30,2023-10-31,369,0.04998749218261415
2023-10-01,Switzerland,1335,13,0,2023-10-01,254,0.014262870987280438
2023-10-01,Thailand,426,13,30,2023-10-31,45,0.07161538461538462
2023-10-01,Thailand,426,13,0,2023-10-01,25,0.060692307692307684
2023-10-01,USA,77644,13,30,2023-10-31,8911,0.019983149607658644
2023-10-01,USA,77644,13,0,2023-10-01,10637,0.009442078087372813
2023-10-01,United Kingdom,18808,13,30,2023-10-31,2768,0.03855847043130281
2023-10-01,United Kingdom,18808,13,0,2023-10-01,4561,0.01767026461808308
2023-11-01,Denmark,4165,12,30,2023-12-01,2554,0.043694661968154525
2023-11-01,Denmark,4165,12,0,2023-11-01,1097,0.015949483439683988
2023-11-01,France,47,12,30,2023-12-01,18,0.08971296296296295
2023-11-01,Germany,2040,12,30,2023-12-01,392,0.06162755102040817
2023-11-01,Germany,2040,12,0,2023-11-01,367,0.01451589464123524
2023-11-01,Japan,429,12,0,2023-11-01,14,0.07109523809523809
2023-11-01,Switzerland,1700,12,30,2023-12-01,424,0.030050314465408803
2023-11-01,Switzerland,1700,12,0,2023-11-01,385,0.020317099567099563
2023-11-01,Thailand,302,12,30,2023-12-01,62,0.0684247311827957
2023-11-01,Thailand,302,12,0,2023-11-01,44,0.0266969696969697
2023-11-01,USA,85322,12,30,2023-12-01,11805,0.016612134688691233
2023-11-01,USA,85322,12,0,2023-11-01,8986,0.0100194561911121
2023-11-01,United Kingdom,23266,12,30,2023-12-01,2609,0.05026095566628338
2023-11-01,United Kingdom,23266,12,0,2023-11-01,2650,0.013077044025157232
2023-12-01,Bolivia,67,12,30,2023-12-31,64,0.04022916666666667
2023-12-01,Denmark,6858,12,30,2023-12-31,762,0.014809273840769912
2023-12-01,Denmark,6858,12,0,2023-12-01,2554,0.004837705559906026
2023-12-01,France,66,12,30,2023-12-31,17,0.02661274509803922
2023-12-01,France,66,12,0,2023-12-01,18,0.07005555555555557
2023-12-01,Germany,2552,12,30,2023-12-31,240,0.009611111111111114
2023-12-01,Germany,2552,12,0,2023-12-01,392,0.014903061224489795
2023-12-01,Japan,397,12,30,2023-12-31,11,0.0628409090909091
2023-12-01,Switzerland,2464,12,30,2023-12-31,298,0.005034116331096192
2023-12-01,Switzerland,2464,12,0,2023-12-01,424,0.01047327044025157
2023-12-01,Thailand,301,12,30,2023-12-31,27,0.047231481481481485
2023-12-01,Thailand,301,12,0,2023-12-01,62,0.028018817204301074
2023-12-01,USA,97828,12,30,2023-12-31,11713,0.010007833176812085
2023-12-01,USA,97828,12,0,2023-12-01,11805,0.011741176055343786
2023-12-01,United Kingdom,26086,12,30,2023-12-31,3532,0.024398452246130613
2023-12-01,United Kingdom,26086,12,0,2023-12-01,2609,0.011601795068353135
2023-12-01,Vietnam,75,12,30,2023-12-31,13,0.11301282051282052
2024-01-01,Bahrain,232,12,30,2024-01-31,81,0.01768621399176955
2024-01-01,Bolivia,102,12,30,2024-01-31,19,0.007127192982456142
2024-01-01,Bolivia,102,12,0,2024-01-01,101,0.017613861386138612
2024-01-01,Denmark,10727,12,30,2024-01-31,70,0.027869047619047616
2024-01-01,Denmark,10727,12,0,2024-01-01,904,0.010876843657817109
2024-01-01,France,103,12,0,2024-01-01,17,0.008357843137254906
2024-01-01,Germany,2956,12,30,2024-01-31,252,0.00802910052910053
2024-01-01,Germany,2956,12,0,2024-01-01,296,0.007065315315315314
2024-01-01,Japan,318,12,30,2024-01-31,33,0.09426010101010102
2024-01-01,Japan,318,12,0,2024-01-01,11,0.06067424242424243
2024-01-01,Switzerland,3136,12,30,2024-01-31,79,0.021399789029535866
2024-01-01,Switzerland,3136,12,0,2024-01-01,293,0.00678924914675768
2024-01-01,Thailand,355,12,30,2024-01-31,40,0.008000000000000002
2024-01-01,Thailand,355,12,0,2024-01-01,35,0.02561904761904761
2024-01-01,USA,108902,12,30,2024-01-31,8893,0.006386361932606166
2024-01-01,USA,108902,12,0,2024-01-01,12418,0.005799551725989155
2024-01-01,United Kingdom,31121,12,30,2024-01-31,2769,0.014381515589262069
2024-01-01,United Kingdom,31121,12,0,2024-01-01,3591,0.0109329109811566
2024-01-01,Vietnam,59,12,0,2024-01-01,10,0.050916666666666666
2024-02-01,Bolivia,283,12,0,2024-02-01,14,0.01564285714285715
2024-02-01,Denmark,10039,12,30,2024-03-02,35,0.027571428571428566
2024-02-01,Denmark,10039,12,0,2024-02-01,70,0.026869047619047615
2024-02-01,Germany,3161,12,30,2024-03-02,123,0.010655149051490516
2024-02-01,Germany,3161,12,0,2024-02-01,247,0.006643387314439944
2024-02-01,Japan,217,12,30,2024-03-02,15,0.06538888888888889
2024-02-01,Japan,217,12,0,2024-02-01,30,0.058222222222222224
2024-02-01,Switzerland,3084,12,30,2024-03-02,29,0.01149425287356322
2024-02-01,Switzerland,3084,12,0,2024-02-01,78,0.022944444444444437
2024-02-01,Thailand,428,12,30,2024-03-02,24,0.011555555555555555
2024-02-01,Thailand,428,12,0,2024-02-01,40,0.011583333333333336
2024-02-01,USA,106794,12,30,2024-03-02,4423,0.010923392870600646
2024-02-01,USA,106794,12,0,2024-02-01,8884,0.004708202011106106
2024-02-01,United Kingdom,32421,12,30,2024-03-02,835,0.014165668662674644
2024-02-01,United Kingdom,32421,12,0,2024-02-01,2612,0.010126339969372136
2024-03-01,Bahrain,260,13,30,2024-03-31,82,0.01231144465290807
2024-03-01,Denmark,9194,13,30,2024-03-31,27,0.03635897435897436
2024-03-01,Denmark,9194,13,0,2024-03-01,35,0.021450549450549448
2024-03-01,Germany,3021,13,30,2024-03-31,67,0.014269804822043633
2024-03-01,Germany,3021,13,0,2024-03-01,121,0.005673871582962485
2024-03-01,Japan,184,13,30,2024-03-31,11,0.10673426573426573
2024-03-01,Japan,184,13,0,2024-03-01,14,0.024076923076923072
2024-03-01,Switzerland,2706,13,30,2024-03-31,10,0.004076923076923079
2024-03-01,Switzerland,2706,13,0,2024-03-01,33,0.007708624708624703
2024-03-01,Thailand,438,13,30,2024-03-31,37,0.007376299376299379
2024-03-01,Thailand,438,13,0,2024-03-01,19,0.008923076923076916
2024-03-01,USA,95537,13,30,2024-03-31,2125,0.008959276018099553
2024-03-01,USA,95537,13,0,2024-03-01,4732,0.006173028155276673
2024-03-01,United Kingdom,28171,13,30,2024-03-31,872,0.03609456598447423
2024-03-01,United Kingdom,28171,13,0,2024-03-01,846,0.009408437897799599
2024-04-01,Denmark,7484,13,30,2024-05-01,27,0.028490028490028498
2024-04-01,Denmark,7484,13,0,2024-04-01,38,0.03568016194331984
2024-04-01,Germany,2543,13,30,2024-05-01,102,0.022251885369532428
2024-04-01,Germany,2543,13,0,2024-04-01,74,0.01564033264033264
2024-04-01,Japan,169,13,30,2024-05-01,16,0.03930769230769231
2024-04-01,Japan,169,13,0,2024-04-01,11,0.08542657342657343
2024-04-01,Switzerland,2043,13,30,2024-05-01,37,0.02487110187110187
2024-04-01,Switzerland,2043,13,0,2024-04-01,11,0.018
2024-04-01,Thailand,432,13,30,2024-05-01,66,0.02371794871794872
2024-04-01,Thailand,432,13,0,2024-04-01,42,0.016318681318681312
2024-04-01,USA,83432,13,30,2024-05-01,1754,0.02834032102447154
2024-04-01,USA,83432,13,0,2024-04-01,2184,0.0073307974077204885
2024-04-01,United Kingdom,22652,13,30,2024-05-01,1790,0.049853889127632146
2024-04-01,United Kingdom,22652,13,0,2024-04-01,922,0.010133489070582348
2024-05-01,Denmark,4617,13,30,2024-05-31,26,0.063
2024-05-01,Denmark,4617,13,0,2024-05-01,27,0.024002849002849
2024-05-01,Germany,1912,13,30,2024-05-31,102,0.06131221719457013
2024-05-01,Germany,1912,13,0,2024-05-01,102,0.015018099547511312
2024-05-01,Japan,176,13,30,2024-05-31,19,0.030267206477732792
2024-05-01,Japan,176,13,0,2024-05-01,16,0.03976923076923077
2024-05-01,Switzerland,1249,13,30,2024-05-31,58,0.07448275862068966
2024-05-01,Switzerland,1249,13,0,2024-05-01,37,0.017719334719334717
2024-05-01,Thailand,439,13,30,2024-05-31,39,0.03057593688362919
2024-05-01,Thailand,439,13,0,2024-05-01,66,0.016899766899766896
2024-05-01,USA,67403,13,30,2024-05-31,3121,0.042132575850935355
2024-05-01,USA,67403,13,0,2024-05-01,1754,0.009771248136128409
2024-05-01,United Kingdom,20924,13,30,2024-05-31,1639,0.04180949922560661
2024-05-01,United Kingdom,20924,13,0,2024-05-01,1790,0.012389772238934248
2024-06-01,Bahrain,256,12,30,2024-07-01,45,0.061083333333333344
2024-06-01,Denmark,580,12,30,2024-07-01,364,0.09151007326007325
2024-06-01,Denmark,580,12,0,2024-06-01,26,0.03333333333333333
2024-06-01,Germany,1393,12,30,2024-07-01,235,0.058014184397163125
2024-06-01,Germany,1393,12,0,2024-06-01,98,0.015731292517006803
2024-06-01,Japan,155,12,30,2024-07-01,54,0.03473148148148148
2024-06-01,Japan,155,12,0,2024-06-01,21,0.02757142857142857
2024-06-01,Switzerland,555,12,30,2024-07-01,98,0.06580272108843538
2024-06-01,Switzerland,555,12,0,2024-06-01,58,0.03710632183908045
2024-06-01,Thailand,501,12,30,2024-07-01,49,0.05313265306122449
2024-06-01,Thailand,501,12,0,2024-06-01,37,0.025515765765765763
2024-06-01,USA,46708,12,30,2024-07-01,6544,0.053717196414017926
2024-06-01,USA,46708,12,0,2024-06-01,3086,0.013922121408511554
2024-06-01,United Kingdom,16353,12,30,2024-07-01,2629,0.04456916444782554
2024-06-01,United Kingdom,16353,12,0,2024-06-01,1627,0.016280680188485958
2024-07-01,Bahrain,175,10,0,2024-07-01,45,0.1694
2024-07-01,Denmark,598,10,30,2024-07-31,340,0.02798235294117647
2024-07-01,Denmark,598,10,0,2024-07-01,364,0.011029670329670328
2024-07-01,Germany,1219,10,30,2024-07-31,302,0.04075165562913907
2024-07-01,Germany,1219,10,0,2024-07-01,235,0.01992553191489362
2024-07-01,Japan,164,10,30,2024-07-31,74,0.052567567567567565
2024-07-01,Japan,164,10,0,2024-07-01,54,0.028155555555555555
2024-07-01,Laos,26,10,30,2024-07-31,13,0.1524
2024-07-01,Switzerland,431,10,30,2024-07-31,59,0.04560508474576271
2024-07-01,Switzerland,431,10,0,2024-07-01,98,0.025975510204081627
2024-07-01,Thailand,466,10,30,2024-07-31,23,0.0993304347826087
2024-07-01,Thailand,466,10,0,2024-07-01,49,0.033577551020408165
2024-07-01,USA,37159,10,30,2024-07-31,8754,0.05166465615718528
2024-07-01,USA,37159,10,0,2024-07-01,6544,0.02211466992665036
2024-07-01,United Kingdom,15616,10,30,2024-07-31,1187,0.025802443133951136
2024-07-01,United Kingdom,15616,10,0,2024-07-01,2629,0.016382997337390643
2024-08-01,Bahrain,127,7,30,2024-08-31,44,0.04446753246753247
2024-08-01,Denmark,1186,7,30,2024-08-31,545,0.061255570117955446
2024-08-01,Denmark,1186,7,0,2024-08-01,340,0.02139495798319328
2024-08-01,Germany,1470,7,30,2024-08-31,265,0.08736118598382747
2024-08-01,Germany,1470,7,0,2024-08-01,306,0.03660971055088703
2024-08-01,Japan,251,7,30,2024-08-31,29,0.10092118226600985
2024-08-01,Japan,251,7,0,2024-08-01,74,0.011694980694980702
2024-08-01,Laos,35,7,0,2024-08-01,13,0.09059340659340662
2024-08-01,Russia,38,7,30,2024-08-31,16,0.07757142857142858
2024-08-01,Switzerland,565,7,0,2024-08-01,50,0.03485714285714286
2024-08-01,Thailand,487,7,30,2024-08-31,25,0.09942857142857144
2024-08-01,Thailand,487,7,0,2024-08-01,19,0.10517293233082704
2024-08-01,USA,39317,7,30,2024-08-31,6698,0.05912404555730922
2024-08-01,USA,39317,7,0,2024-08-01,8682,0.030532398723138184
2024-08-01,United Kingdom,16576,7,30,2024-08-31,884,0.06850290885585004
2024-08-01,United Kingdom,16576,7,0,2024-08-01,1145,0.03104741110417966
2024-09-01,Bahrain,89,8,30,2024-10-01,16,0.1575
2024-09-01,Bahrain,89,8,0,2024-09-01,45,0.01705555555555555
2024-09-01,Denmark,1945,8,30,2024-10-01,453,0.09055546357615894
2024-09-01,Denmark,1945,8,0,2024-09-01,545,0.013920871559633022
2024-09-01,France,42,8,30,2024-10-01,11,0.054
2024-09-01,Germany,1813,8,30,2024-10-01,316,0.03309651898734176
2024-09-01,Germany,1813,8,0,2024-09-01,266,0.02890131578947368
2024-09-01,Japan,359,8,30,2024-10-01,29,0.0455948275862069
2024-09-01,Japan,359,8,0,2024-09-01,30,0.05933333333333333
2024-09-01,Russia,38,8,0,2024-09-01,16,0.11599999999999999
2024-09-01,Switzerland,545,8,30,2024-10-01,20,0.14650000000000002
2024-09-01,Thailand,494,8,30,2024-10-01,13,0.13732692307692307
2024-09-01,Thailand,494,8,0,2024-09-01,22,0.06509090909090909
2024-09-01,USA,50061,8,30,2024-10-01,3691,0.029571322134922782
2024-09-01,USA,50061,8,0,2024-09-01,6672,0.02053387290167866
2024-09-01,United Kingdom,16393,8,30,2024-10-01,1198,0.031733096828046745
2024-09-01,United Kingdom,16393,8,0,2024-09-01,903,0.030353405315614618
2024-10-01,Bahrain,145,8,0,2024-10-01,16,0.05575
2024-10-01,Denmark,2907,8,30,2024-10-31,325,0.06839423076923078
2024-10-01,Denmark,2907,8,0,2024-10-01,453,0.012780077262693158
2024-10-01,France,53,8,0,2024-10-01,11,0.033499999999999995
2024-10-01,Germany,2273,8,30,2024-10-31,265,0.03606603773584905
2024-10-01,Germany,2273,8,0,2024-10-01,316,0.01918512658227848
2024-10-01,Japan,431,8,30,2024-10-31,17,0.060941176470588235
2024-10-01,Japan,431,8,0,2024-10-01,29,0.03721982758620689
2024-10-01,Switzerland,514,8,30,2024-10-31,16,0.08475
2024-10-01,Switzerland,514,8,0,2024-10-01,20,0.04662499999999999
2024-10-01,Thailand,387,8,0,2024-10-01,13,0.06347115384615384
2024-10-01,USA,58325,8,30,2024-10-31,2385,0.03643055555555555
2024-10-01,USA,58325,8,0,2024-10-01,3691,0.016194730425358975
2024-10-01,United Kingdom,15945,8,30,2024-10-31,779,0.05345860077021823
2024-10-01,United Kingdom,15945,8,0,2024-10-01,1198,0.022483096828046754
2024-11-01,Denmark,3617,9,30,2024-12-01,271,0.015400984009840092
2024-11-01,Denmark,3617,9,0,2024-11-01,325,0.017188034188034194
2024-11-01,Germany,2730,9,30,2024-12-01,252,0.020271604938271594
2024-11-01,Germany,2730,9,0,2024-11-01,264,0.013875420875420881
2024-11-01,Japan,458,9,0,2024-11-01,21,0.061423280423280414
2024-11-01,Russia,56,9,30,2024-12-01,10,0.07188888888888889
2024-11-01,Switzerland,442,9,30,2024-12-01,25,0.07600000000000001
2024-11-01,Switzerland,442,9,0,2024-11-01,15,0.02662962962962964
2024-11-01,USA,58661,9,30,2024-12-01,2514,0.03662680102536905
2024-11-01,USA,58661,9,0,2024-11-01,2359,0.018948801281145487
2024-11-01,United Kingdom,14735,9,30,2024-12-01,512,0.029312500000000005
2024-11-01,United Kingdom,14735,9,0,2024-11-01,751,0.023625240420180507
2024-12-01,Denmark,3766,11,30,2024-12-31,140,0.01796103896103896
2024-12-01,Denmark,3766,11,0,2024-12-01,271,0.011402884937940288
2024-12-01,Germany,2881,11,30,2024-12-31,163,0.012843279419966542
2024-12-01,Germany,2881,11,0,2024-12-01,252,0.012463203463203456
2024-12-01,Japan,406,11,30,2024-12-31,22,0.05517355371900827
2024-12-01,Russia,75,11,0,2024-12-01,10,0.02454545454545455
2024-12-01,Switzerland,360,11,30,2024-12-31,18,0.05429292929292929
2024-12-01,Switzerland,360,11,0,2024-12-01,25,0.02081818181818182
2024-12-01,USA,52473,11,30,2024-12-31,4168,0.03383458384226139
2024-12-01,USA,52473,11,0,2024-12-01,2514,0.011893758588269328
2024-12-01,United Kingdom,10347,11,30,2024-12-31,308,0.0316564344746163
2024-12-01,United Kingdom,10347,11,0,2024-12-01,512,0.014767045454545453
2025-01-01,Brazil,70,10,0,2025-01-01,39,0.015343589743589745
2025-01-01,Denmark,3603,10,30,2025-01-31,71,0.07370845070422535
2025-01-01,Denmark,3603,10,0,2025-01-01,140,0.01477142857142857
2025-01-01,Germany,2787,10,30,2025-01-31,158,0.024962025316455687
2025-01-01,Germany,2787,10,0,2025-01-01,168,0.013380952380952386
2025-01-01,Japan,321,10,30,2025-01-31,32,0.06
2025-01-01,Japan,321,10,0,2025-01-01,21,0.07053333333333334
2025-01-01,Switzerland,157,10,0,2025-01-01,18,0.03866666666666667
2025-01-01,USA,43721,10,30,2025-01-31,3290,0.028733130699088144
2025-01-01,USA,43721,10,0,2025-01-01,4179,0.013475161521895197
2025-01-01,United Kingdom,7697,10,30,2025-01-31,254,0.03450472440944883
2025-01-01,United Kingdom,7697,10,0,2025-01-01,317,0.009674763406940061
2025-02-01,Denmark,2646,10,30,2025-03-03,116,0.03857241379310345
2025-02-01,Denmark,2646,10,0,2025-02-01,71,0.05260845070422535
2025-02-01,Germany,2529,10,30,2025-03-03,87,0.018181609195402307
2025-02-01,Germany,2529,10,0,2025-02-01,153,0.019423529411764714
2025-02-01,Japan,262,10,30,2025-03-03,29,0.039606896551724134
2025-02-01,Japan,262,10,0,2025-02-01,34,0.025088235294117644
2025-02-01,USA,34422,10,30,2025-03-03,2789,0.028425457153101474
2025-02-01,USA,34422,10,0,2025-02-01,3217,0.016983525023313642
2025-02-01,United Kingdom,6466,10,30,2025-03-03,330,0.04444242424242424
2025-02-01,United Kingdom,6466,10,0,2025-02-01,253,0.016069169960474305
2025-03-01,Denmark,2136,10,30,2025-03-31,71,0.05558028169014084
2025-03-01,Denmark,2136,10,0,2025-03-01,83,0.022483132530120485
2025-03-01,Germany,2244,10,30,2025-03-31,61,0.06630491803278689
2025-03-01,Germany,2244,10,0,2025-03-01,74,0.01838378378378378
2025-03-01,Japan,242,10,0,2025-03-01,23,0.018913043478260862
2025-03-01,USA,30111,10,30,2025-03-31,2200,0.03197272727272728
2025-03-01,USA,30111,10,0,2025-03-01,2727,0.014886138613861394
2025-03-01,United Kingdom,4870,10,30,2025-03-31,266,0.04410526315789473
2025-03-01,United Kingdom,4870,10,0,2025-03-01,320,0.03257499999999999
2025-04-01,Bahrain,25,9,30,2025-05-01,23,0.09337681159420289
2025-04-01,Denmark,1518,9,30,2025-05-01,41,0.08891056910569106
2025-04-01,Denmark,1518,9,0,2025-04-01,42,0.027354497354497367
2025-04-01,Germany,1725,9,30,2025-05-01,28,0.08
2025-04-01,Germany,1725,9,0,2025-04-01,60,0.0697037037037037
2025-04-01,Switzerland,153,9,30,2025-05-01,10,0.09277777777777778
2025-04-01,USA,29718,9,30,2025-05-01,1340,0.05457213930348259
2025-04-01,USA,29718,9,0,2025-04-01,2181,0.02298649956696724
2025-04-01,United Kingdom,3477,9,30,2025-05-01,293,0.04521577550246493
2025-04-01,United Kingdom,3477,9,0,2025-04-01,270,0.04445267489711934
2025-05-01,Bahrain,48,9,30,2025-05-31,40,0.02822222222222222
2025-05-01,Bahrain,48,9,0,2025-05-01,23,0.059019323671497585
2025-05-01,Denmark,982,9,30,2025-05-31,42,0.09041269841269843
2025-05-01,Denmark,982,9,0,2025-05-01,41,0.05507317073170733
2025-05-01,Germany,1257,9,30,2025-05-31,50,0.08588888888888889
2025-05-01,Germany,1257,9,0,2025-05-01,28,0.033730158730158735
2025-05-01,Japan,234,9,30,2025-05-31,14,0.14858730158730157
2025-05-01,Switzerland,73,9,0,2025-05-01,10,0.07733333333333334
2025-05-01,USA,28586,9,30,2025-05-31,1150,0.04972463768115942
2025-05-01,USA,28586,9,0,2025-05-01,1340,0.027466003316749595
2025-05-01,United Kingdom,3060,9,30,2025-05-31,467,0.06254960742326911
2025-05-01,United Kingdom,3060,9,0,2025-05-01,293,0.021813803564656804
2025-06-01,Bahrain,141,10,0,2025-06-01,36,0.022677777777777783
2025-06-01,China,41,10,0,2025-06-01,15,0.01133333333333333
2025-06-01,Denmark,660,10,30,2025-07-01,44,0.04227272727272728
2025-06-01,Denmark,660,10,0,2025-06-01,42,0.04302380952380953
2025-06-01,Germany,893,10,30,2025-07-01,57,0.05911578947368421
2025-06-01,Germany,893,10,0,2025-06-01,49,0.038177551020408165
2025-06-01,Japan,223,10,30,2025-07-01,12,0.011766666666666665
2025-06-01,Japan,223,10,0,2025-06-01,13,0.014569230769230768
2025-06-01,Switzerland,70,10,30,2025-07-01,10,0.10550000000000001
2025-06-01,Thailand,28,10,0,2025-06-01,14,0.009600000000000006
2025-06-01,USA,23478,10,30,2025-07-01,1488,0.03595698924731182
2025-06-01,USA,23478,10,0,2025-06-01,1156,0.012333910034602078
2025-06-01,United Kingdom,3094,10,30,2025-07-01,502,0.02898286852589641
2025-06-01,United Kingdom,3094,10,0,2025-06-01,479,0.016405845511482255
2025-07-01,Denmark,604,12,30,2025-07-31,51,0.018292483660130716
2025-07-01,Denmark,604,12,0,2025-07-01,44,0.022022727272727277
2025-07-01,Germany,661,12,30,2025-07-31,83,0.04139859437751004
2025-07-01,Germany,661,12,0,2025-07-01,57,0.02108187134502924
2025-07-01,Japan,174,12,30,2025-07-31,20,0.022083333333333333
2025-07-01,Japan,174,12,0,2025-07-01,12,0.010027777777777776
2025-07-01,Laos,37,12,0,2025-07-01,18,0.009175925925925928
2025-07-01,Switzerland,81,12,30,2025-07-31,17,0.030617647058823527
2025-07-01,Switzerland,81,12,0,2025-07-01,10,0.060916666666666675
2025-07-01,USA,19205,12,30,2025-07-31,2367,0.024608188987466556
2025-07-01,USA,19205,12,0,2025-07-01,1488,0.013643369175627239
2025-07-01,United Kingdom,3825,12,30,2025-07-31,649,0.019934001027221367
2025-07-01,United Kingdom,3825,12,0,2025-07-01,502,0.016211155378486056
2025-08-01,Denmark,499,12,30,2025-08-31,181,0.028221454880294664
2025-08-01,Denmark,499,12,0,2025-08-01,51,0.012959150326797383
2025-08-01,Germany,544,12,30,2025-08-31,129,0.026620155038759693
2025-08-01,Germany,544,12,0,2025-08-01,83,0.020089357429718877
2025-08-01,Guam,24,12,0,2025-08-01,13,0.08985897435897434
2025-08-01,Japan,144,12,30,2025-08-31,35,0.010583333333333328
2025-08-01,Japan,144,12,0,2025-08-01,20,0.011249999999999994
2025-08-01,Switzerland,99,12,30,2025-08-31,93,0.0429910394265233
2025-08-01,Switzerland,99,12,0,2025-08-01,20,0.026666666666666672
2025-08-01,USA,16538,12,30,2025-08-31,2874,0.013409939689167245
2025-08-01,USA,16538,12,0,2025-08-01,2408,0.008961517165005534
2025-08-01,United Kingdom,4392,12,30,2025-08-31,869,0.011176064441887228
2025-08-01,United Kingdom,4392,12,0,2025-08-01,660,0.0075732323232323255
2025-09-01,Denmark,685,12,30,2025-10-01,155,0.018193548387096775
2025-09-01,Denmark,685,12,0,2025-09-01,242,0.005827823691460055
2025-09-01,Germany,654,12,30,2025-10-01,175,0.03538095238095238
2025-09-01,Germany,654,12,0,2025-09-01,157,0.010126326963906586
2025-09-01,Japan,163,12,30,2025-10-01,23,0.012336956521739132
2025-09-01,Japan,163,12,0,2025-09-01,31,0.016583333333333332
2025-09-01,Switzerland,173,12,0,2025-09-01,99,0.011998316498316503
2025-09-01,USA,17820,12,30,2025-10-01,1361,0.011329169728141077
2025-09-01,USA,17820,12,0,2025-09-01,2924,0.00695018239854081
2025-09-01,United Kingdom,5378,12,30,2025-10-01,1275,0.01696732026143791
2025-09-01,United Kingdom,5378,12,0,2025-09-01,920,0.005829710144927534
2025-10-01,Denmark,867,13,30,2025-10-31,119,0.029588881706528767
2025-10-01,Denmark,867,13,0,2025-10-01,155,0.012191066997518608
2025-10-01,Germany,903,13,30,2025-10-31,225,0.036307692307692305
2025-10-01,Germany,903,13,0,2025-10-01,175,0.026351648351648358
2025-10-01,Ireland,58,13,30,2025-10-31,21,0.029340659340659343
2025-10-01,Ireland,58,13,0,2025-10-01,57,0.010762483130904187
2025-10-01,Japan,182,13,0,2025-10-01,23,0.01108026755852843
2025-10-01,Russia,97,13,30,2025-10-31,11,0.012909090909090908
2025-10-01,Russia,97,13,0,2025-10-01,17,0.0035384615384615407
2025-10-01,Switzerland,254,13,30,2025-10-31,15,0.04505128205128205
2025-10-01,USA,19248,13,30,2025-10-31,680,0.011438914027149317
2025-10-01,USA,19248,13,0,2025-10-01,1361,0.005148137681568984
2025-10-01,United Kingdom,6935,13,30,2025-10-31,577,0.017256632449006798
2025-10-01,United Kingdom,6935,13,0,2025-10-01,1275,0.006861236802413274
2025-11-01,Brazil,47,12,30,2025-12-01,26,0.018384615384615385
2025-11-01,Denmark,988,12,30,2025-12-01,32,0.046875
2025-11-01,Denmark,988,12,0,2025-11-01,119,0.02622128851540616
2025-11-01,Germany,1209,12,30,2025-12-01,271,0.08246771217712177
2025-11-01,Germany,1209,12,0,2025-11-01,214,0.02573831775700935
2025-11-01,Ireland,117,12,0,2025-11-01,21,0.03611904761904763
2025-11-01,Russia,105,12,30,2025-12-01,10,0.015333333333333329
2025-11-01,Russia,105,12,0,2025-11-01,10,0.013499999999999996
2025-11-01,Switzerland,265,12,30,2025-12-01,10,0.09258333333333331
2025-11-01,Switzerland,265,12,0,2025-11-01,13,0.042698717948717956
2025-11-01,USA,18634,12,30,2025-12-01,832,0.022057692307692306
2025-11-01,USA,18634,12,0,2025-11-01,667,0.008070339830084962
2025-11-01,United Kingdom,7952,12,30,2025-12-01,312,0.042117521367521366
2025-11-01,United Kingdom,7952,12,0,2025-11-01,544,0.015828431372549023
2025-12-01,Brazil,126,11,0,2025-12-01,26,0.015510489510489516
2025-12-01,Denmark,1050,11,30,2025-12-31,53,0.08910634648370497
2025-12-01,Denmark,1050,11,0,2025-12-01,32,0.02668181818181818
2025-12-01,Germany,1515,11,30,2025-12-31,80,0.04363636363636363
2025-12-01,Germany,1515,11,0,2025-12-01,271,0.03632841328413284
2025-12-01,Russia,123,11,0,2025-12-01,10,0.015909090909090904
2025-12-01,Switzerland,254,11,0,2025-12-01,10,0.08863636363636364
2025-12-01,USA,17418,11,30,2025-12-31,1716,0.023145157872430603
2025-12-01,USA,17418,11,0,2025-12-01,832,0.013844405594405586
2025-12-01,United Kingdom,7392,11,30,2025-12-31,177,0.05815819209039548
2025-12-01,United Kingdom,7392,11,0,2025-12-01,312,0.033673659673659664
2026-01-01,Brazil,118,11,30,2026-01-31,44,0.047322314049586776
2026-01-01,Brazil,118,11,0,2026-01-01,11,0.05055371900826447
2026-01-01,Denmark,1043,11,30,2026-01-31,27,0.09274410774410775
2026-01-01,Denmark,1043,11,0,2026-01-01,53,0.05143224699828473
2026-01-01,Germany,1739,11,30,2026-01-31,111,0.12234234234234237
2026-01-01,Germany,1739,11,0,2026-01-01,90,0.06067676767676767
2026-01-01,USA,16068,11,30,2026-01-31,1254,0.013471219370740906
2026-01-01,USA,16068,11,0,2026-01-01,1786,0.00989473684210526
2026-01-01,United Kingdom,6727,11,30,2026-01-31,90,0.037464646464646464
2026-01-01,United Kingdom,6727,11,0,2026-01-01,186,0.02653958944281525
2026-02-01,Brazil,157,8,30,2026-03-03,38,0.015342105263157891
2026-02-01,Brazil,157,8,0,2026-02-01,38,0.02779605263157895
2026-02-01,Denmark,887,8,30,2026-03-03,14,0.17342857142857143
2026-02-01,Denmark,887,8,0,2026-02-01,27,0.08639814814814814
2026-02-01,Germany,1734,8,30,2026-03-03,44,0.08395454545454546
2026-02-01,Germany,1734,8,0,2026-02-01,115,0.051141304347826086
2026-02-01,USA,12759,8,30,2026-03-03,952,0.021566176470588234
2026-02-01,USA,12759,8,0,2026-02-01,1268,0.01023541009463722
2026-02-01,United Kingdom,5371,8,30,2026-03-03,66,0.11347727272727273
2026-02-01,United Kingdom,5371,8,0,2026-02-01,85,0.011610294117647057
2026-03-01,Brazil,237,6,0,2026-03-01,37,0.034139639639639625
2026-03-01,Denmark,654,6,0,2026-03-01,16,0.16716666666666669
2026-03-01,Germany,1564,6,30,2026-03-31,10,0.075
2026-03-01,Germany,1564,6,0,2026-03-01,48,0.04683333333333334
2026-03-01,USA,11065,6,30,2026-03-31,424,0.0554811320754717
2026-03-01,USA,11065,6,0,2026-03-01,964,0.016368603042876895
2026-03-01,United Kingdom,3465,6,30,2026-03-31,51,0.09181372549019606
2026-03-01,United Kingdom,3465,6,0,2026-03-01,69,0.10123913043478261
2026-04-01,USA,10809,6,30,2026-05-01,171,0.034260233918128644
2026-04-01,USA,10809,6,0,2026-04-01,419,0.024426014319809074
2026-04-01,United Kingdom,1781,6,30,2026-05-01,18,0.04755555555555555
2026-04-01,United Kingdom,1781,6,0,2026-04-01,50,0.06716666666666667
2026-05-01,USA,9888,6,30,2026-05-31,101,0.08778217821782179
2026-05-01,USA,9888,6,0,2026-05-01,171,0.026577972709551655
2026-05-01,United Kingdom,1118,6,30,2026-05-31,10,0.28
2026-05-01,United Kingdom,1118,6,0,2026-05-01,18,0.03522222222222221
2026-06-01,USA,7436,6,30,2026-07-01,154,0.1507857142857143
2026-06-01,USA,7436,6,0,2026-06-01,104,0.0675128205128205
2026-06-01,United Kingdom,686,6,30,2026-07-01,11,0.26583333333333337
2026-06-01,United Kingdom,686,6,0,2026-06-01,10,0.20783333333333331
2026-07-01,USA,4726,6,30,2026-07-31,287,0.10678803716608594
2026-07-01,USA,4726,6,0,2026-07-01,154,0.0883939393939394
2026-07-01,United Kingdom,388,6,30,2026-07-31,21,0.20050793650793652
2026-07-01,United Kingdom,388,6,0,2026-07-01,11,0.11628787878787877
2026-08-01,Germany,76,5,30,2026-08-31,16,0.1092
2026-08-01,USA,2777,5,30,2026-08-31,456,0.06566315789473687
2026-08-01,USA,2777,5,0,2026-08-01,275,0.044472727272727275
2026-08-01,United Kingdom,247,5,30,2026-08-31,82,0.0745268292682927
2026-08-01,United Kingdom,247,5,0,2026-08-01,21,0.1000095238095238
