location_min_seq,per30d_equiv,perweek_equiv,median_countries_shown,n_scoreable_pts,median_mae_pct,mean_mae_pct,p90_mae_pct,marginal_band_median_mae_pct,marginal_band_p90_mae_pct
25,5,1.2,12,204,4.2,5.16,9.4,7.76,11.7
50,10,2.3,9,197,4.14,5.09,9.34,4.3,11.3
75,15,3.5,8,192,4.16,5.08,9.28,4.3,11.3
100,20,4.7,8,186,4.11,4.99,9.22,3.25,8.07
150,30,7.0,7,181,4.14,5.06,9.26,4.23,10.15
200,40,9.3,5,172,4.2,5.09,9.18,6.05,10.57
300,60,14.0,4,161,4.14,5.02,9.06,6.05,10.32
500,100,23.4,4,138,3.7,4.8,8.9,4.69,15.19
750,150,35.0,4,125,3.64,4.56,8.76,7.45,12.5
1000,200,46.7,4,119,3.64,4.43,8.62,7.5,9.23
